pT3TS 1, pC 1, pKT3 1, pT3TS 2, pC 2, pKT3 2, x, x
pLR: A 1, pLR: C 1, pLR: G 1, pLR: T 1, pLR: A 2, pLR: C 2, pLR: G 2, pLR: T 2
GA, GC, GG, GT, TA, TC, TG, TT
AA, AC, AG, AT, CA, CC, CG, CT
TGA, TGC, TGG, TGT, TTA, TTC, TTG, TTT
TAA, TAC, TAG, TAT, TCA, TCC, TCG, TCT
GGA, GGC, GGG, GGT, GTA, GTC, GTG, GTT
GAA, GAC, GAG, GAT, GCA, GCC, GCG, GCT
CGA, CGC, CGG, CGT, CTA, CTC, CTG, CTT
CAA, CAC, CAG, CAT, CCA, CCC, CCG, CCT
AGA, AGC, AGG, AGT, ATA, ATC, ATG, ATT
AAA, AAC, AAG, AAT, ACA, ACC, ACG, ACT
