_add_water,1
_air_dry,1
_asp_ht,1
_csv,3
_dest_module,3
_dp_type,1
_dry_run,1
_dye_type,1
_elution_vol,1
_filter_tips,1
_fin_wash,1
_inc_time,1
_input_csv,1
_m20_mount,6
_m300_mount,3
_mag_height,1
_mag_time,1
_mbl5_vol,1
_mm_transfer_vol,1
_multi_mnt,1
_music,1
_num_col,3
_num_samp,1
_num_samples,1
_num_samps,3
_off_deck,1
_p1000_mount,1
_p20_mount,3
_p300_mount,1
_p300mnt,1
_pip_model,1
_pip_mount,1
_profile_type,1
_ratio_beads_dna,1
_reaction_mix,1
_replicates,1
_samp_cols,3
_samp_labware,1
_source_type,2
_src_module,3
_tc_cycles,1
_tip_start_column,1
_use_temp_mod,1
_vol_eln,1
_vol_eql,1
_vol_wash1,1
_vol_wash2,1
_well_no,1
a1_init_vol,1
a3_init_vol,1
a4_init_vol,1
a_i,1
a_index,2
a_temp,2
a_time,2
acid_demin_yn,1
acid_volume,1
adapter_ligation,1
add_ic,1
adjust_final_vol,1
agar_volume,1
air_dry_time,2
air_gap,1
air_gap_bool,1
air_gap_vol,3
air_gap_volume,1
airgap,1
aliquot_vol,1
am_bic_volume,1
antibody_csv,1
antibody_vol,1
arrange_tips,1
array_pattern,1
asp_bottom_clearance,1
asp_delay,2
asp_delay_time,1
asp_flow_rate,2
asp_flowrate_p10,1
asp_flowrate_p50,1
asp_height,25
asp_height_1,1
asp_height_m20,1
asp_height_recipient,1
asp_rate,6
asp_rate_global20,1
asp_rate_global300,1
asp_rate_m20,1
asp_rate_multi,1
asp_rate_step1,1
asp_speed,10
aspirate_delay_time,1
aspirate_flow_rate,2
aspiration_height,1
aspiration_height_mm,2
aspiration_height_plate,1
aspiration_height_resv,1
aspiration_rate_multiplier,1
assay,2
assembly_csv,1
assembly_transfer_vol,1
b3_init_vol,1
bb_asp_rate_multiplier,1
bb_disp_rate_multipler,1
bead_add,1
bead_asp_rate_multiplier,1
bead_clean_up,2
bead_delay_time,1
bead_disp_rate_multiplier,1
bead_dry_time,5
bead_dry_time_nuc_water,1
bead_incubation_time_in_minutes,2
bead_loc,1
bead_mix_reps,1
bead_mix_source_well_indices,1
bead_mix_speed,1
bead_mix_vol,1
bead_pellet_clearance,2
bead_ratio,4
bead_ratio_1,1
bead_ratio_2,1
bead_separation_time_in_minutes,2
bead_settling_time_on_magnet_in_minutes,1
bead_vol,9
bead_vol1,1
bead_vol2,1
bead_volume,1
beads_vol,1
beads_vol_1,1
beads_vol_2,1
big_pip,1
bindbuf_source_well_indices,1
binding_buffer_vol,25
blank_on,2
blot_dwell_time,1
blow_out,1
blowout_height,1
blowout_rate,1
blowout_vertical_offset,1
box_count,1
buffer_vol,1
cap_count,1
cd4_dil,1
cd8_dil,1
cdna_col_num1,1
cdna_col_num2,1
cdna_down_column,1
cdna_vol,1
cellht,1
cellsmedia,1
change_standard_tip,1
change_tips,2
cherrypicking_csv,1
choose_tip_rack,3
cleanup_stage,1
clearance,2
clearance_1,1
clearance_11,1
clearance_12wellreservoir,1
clearance_2,1
clearance_3,1
clearance_4,1
clearance_5,1
clearance_6,1
clearance_aliquots,1
clearance_aspirate,9
clearance_bead_pellet,6
clearance_bead_resuspension,10
clearance_beadresuspension,3
clearance_clinical_samples,1
clearance_ddpcr_plate,1
clearance_deep_well,1
clearance_dest,2
clearance_dil_dispense,1
clearance_dispense,9
clearance_distribute,1
clearance_eluate,1
clearance_elution,1
clearance_magplate,1
clearance_mecn,1
clearance_meoh_water,1
clearance_mix,1
clearance_mix_aspirate,1
clearance_mm,1
clearance_mm_plate,1
clearance_mmplate,1
clearance_pcr,1
clearance_pcr_plate,1
clearance_plate,3
clearance_reagent_prep,1
clearance_reservoir,30
clearance_rna,1
clearance_rxnplate,1
clearance_samp,1
clearance_samp_plate,3
clearance_sample_plate,4
clearance_sample_prep,1
clearance_sample_tube,1
clearance_samples,1
clearance_screwcap,1
clearance_snapcap,1
clearance_source,1
clearance_strip_tubes,4
clearance_striptubes,1
clearance_tfa,1
clearance_twintec,1
clearance_water,2
clearance_water_tube,1
cold,3
cols,1
column_count,2
comp10_vol,1
comp11_vol,1
comp12_vol,1
comp1_vol,1
comp2_vol,1
comp3_vol,1
comp4_vol,1
comp5_vol,1
comp6_vol,1
comp7_vol,1
comp8_vol,1
comp9_vol,1
comp_asp_speed,1
comp_disp_speed,1
component_1_height,1
component_1_volume,2
component_2_height,1
component_2_volume,1
component_3_volume,1
conc_target,1
control_plate,1
count_mix,1
count_plates,1
count_racks,1
count_samples,19
count_samples_rowa,1
count_samples_rowb,1
count_samples_rowc,1
count_samples_rowd,1
csv,6
csv1_buff,1
csv1_samp,1
csv1_urea,1
csv2_buff,1
csv2_samp,1
csv2_urea,1
csv3_buff,1
csv3_samp,1
csv3_urea,1
csv_aq,1
csv_factors,1
csv_file,2
csv_file_1,1
csv_file_2,1
csv_input,3
csv_oil,1
csv_samp,10
csv_samp1,1
csv_samp2,1
csv_samp3,1
csv_sample,2
ctrl_csv,1
ctrl_transfer_vol,1
custom_labware_lname,1
cycles,2
d_csv1,1
d_temp,2
d_time,2
deactivate_mod,1
dead_vol,3
deadvol_plate,3
deadvol_reservoir,4
debug,1
debug_mode,1
deep_name,1
deep_plate,2
deepwell_plate_type,1
deepwell_type,11
default_disposal_vol,4
default_transfer_vol,9
delay,4
delay_after_asp,2
delay_after_disp,1
delay_beads,6
delay_distribute,1
delay_lig_mm,1
delay_reagent_prep,1
delay_time,2
denat_anneal_cycles,1
desired_conc,2
dest_flow_rate_mmx,1
dest_flow_rate_sample,1
dest_format,1
dest_labware,1
dest_lw,1
dest_lw_def,1
dest_plate1,1
dest_plate2,1
dest_plate3,1
dest_plate_lname,1
dest_plate_type,1
dest_slot,1
dest_start_col,1
dest_temp_mod_lname,1
dest_type,5
dest_well_plate_tmod,1
destdilvol,1
destination_plate_lname,1
destination_plate_type,1
destination_well_plate_lname,1
digest_duration,1
digestion_temp,1
digestion_time,1
dil_csv_1,2
dil_json_1,1
dil_json_2,1
dil_json_3,1
dil_plate_type,1
diluent_csv,1
diluent_scheme,1
diluent_vol,1
dilution_factor,2
dilvol,1
disp_bottom_clearance,1
disp_delay,1
disp_delay_time,1
disp_flow_rate,2
disp_flowrate_p10,1
disp_flowrate_p50,1
disp_height,12
disp_height_dest,1
disp_rate,7
disp_rate_global20,1
disp_rate_global300,1
disp_rate_m20,1
disp_rate_multi,1
disp_speed,5
disp_vol,2
dispensation_rate_multiplier,1
dispense_flow_rate,2
dispense_height,2
dispense_offset,1
dispense_plan,1
dispense_rate,1
dispense_speed,1
dispense_steps,1
dispense_volume,1
dispensing_height_plate,1
dispension_height_mm,2
dispmode,1
disposal_vol,2
disposal_volume,1
dmsovol,1
dna,1
dna_asp_rate,1
dna_aspirate_clearance,1
dna_csv,1
dna_supernat_vol,1
dna_vol,1
dna_volume,5
dna_well_plate_lname,1
dna_well_plate_tmod,1
do_dnase_step,1
do_mm_resusp_pause,1
do_sds_step,1
do_vortex_pause,1
donor_384_type,1
dp_type,2
dplate,1
drop_threshold,1
dry_on_temperature_module,1
dry_time,23
drying_time,2
drying_time_in_minutes,2
dryrun,6
ds_520,1
ds_540,1
ds_570,1
ds_620,1
ds_650,1
ds_690,1
dst_plate,1
dwp,1
dwp_volume,1
e_temp,2
e_time,2
eluate_volume,1
elute_buff_vol,1
elute_on_robot,1
elute_vol,1
eluteplate,1
elution,1
elution_buf_vol,1
elution_buff_vol,2
elution_buffer_vol,2
elution_buffer_volume,2
elution_inc,1
elution_scan,2
elution_slot_scan,2
elution_time,1
elution_transfer_vol,2
elution_type,1
elution_vol,40
em,1
empty_vial_well,3
end_col,1
end_column,1
end_repair,1
engage_height,20
engage_offset,4
engage_time,17
enz_asp_rate,1
enz_disp_rate,1
enz_mx_volume,1
enz_mx_well,1
enzyme_vol,1
ep_type,1
ethanol_res_loadname,1
ethanol_wash_vol,1
etoh_inc,1
etoh_volume,2
etoh_well,2
every_nth_col,1
ex_opti,1
example_dropdown,1
example_file,1
example_string,1
extraction_type,1
extrplate,1
f_time,2
fe_temp,2
fe_time,2
file_dilution,1
file_input,4
fill_plate_blank,2
fill_second_plate,1
fill_volume,1
filter_tip,5
filter_tips,1
final_air_gap,1
final_asp_speed,1
final_conc,1
final_extension_cycles,1
final_plate_slot4,1
final_temp,3
final_tubes,1
final_vol,3
first_media_x,1
flash,31
flow_rate_asp,1
flow_rate_beads,6
flow_rate_disp,1
flow_rate_elution,1
flow_rate_factor,1
flow_rate_ligation_mx,1
flow_rate_mm,1
flow_rate_multiplier,1
flowrate,1
fluomix_volume,1
formic_acid_vol,1
formulation_csv,1
fox_dil,1
fragmentation_minutes,1
fragmented_sample_volume,1
fragtime,1
full_volume,1
gantryspeed,1
gdna_buff_vol,1
grid,1
has_first_tube_set,1
has_second_tube_set,1
heat_kill_duration,1
heat_kill_temperature,1
heat_shock,1
heating_module_temp,1
height_above_cartridge,1
height_after_disp,1
height_asp_sample,1
height_dispense,2
height_engage,17
height_final,1
height_intermediate_high,1
height_intermediate_low,1
height_intermediate_middle,1
height_source,1
hs_rpm,1
hs_temp,1
htp_csv,1
i5_volume,1
i5_well,1
i5col,1
i7_volume,1
i7_well,1
i7row,1
inc_time,1
include_bind,1
include_buffer_a1,1
include_buffer_a2,1
include_buffer_n3,1
include_dnase,1
include_dry,1
include_elute,1
include_elution,1
include_isoprop,1
include_mastermix_step,1
include_moving_fresh_plate,1
include_multi,1
include_ntc,2
include_pause,1
include_sample_step,1
include_standards_only,1
include_wash1,1
include_wash2,1
include_wash3,1
include_wash4,1
include_wash5,1
include_wash6,1
include_wash_buffer,1
incubate_bind_time,1
incubate_samples_with_beads,3
incubation_delay_time,1
incubation_temperature,1
incubation_time,5
index_start_col,2
index_start_column,1
index_vol,2
indexing_plate_loadname,1
init_temp,2
init_time,2
init_vol,3
init_vol_buff1,1
init_vol_buff2,1
init_vol_buff3,1
init_vol_dil,1
init_vols_csv,1
initial_denaturation_cycles,1
initial_vol,1
input_csv,16
input_file,10
input_file2,6
input_labware,1
integer_example,1
irt_vol,1
is_blood_cells,1
is_debug_mode,1
is_drop_tips,1
is_dry_run,1
is_eb_tube,1
is_filtered,1
is_lwaste,1
is_multi_disp_reags,1
is_protk_tube,1
is_reuse_reag_tips,1
is_reuse_wash_tips,1
is_reusing_tips,1
is_start_after_1st_incbn,1
is_stop_after_1st_incbn,1
is_use_custom_block,1
is_verbose,1
ki_dil,1
label,1
labware1,1
labware2,1
labware3,1
labware4,1
labware5,1
labware6,1
labware7,1
labware8,1
labware_1,1
labware_11,1
labware_1_lname,1
labware_2,1
labware_200ul_tips,1
labware_24,1
labware_2_lname,1
labware_3,1
labware_384,1
labware_384_well_plate,2
labware_384rxnplate,1
labware_4,1
labware_5,1
labware_6,1
labware_96,1
labware_96rxnplate,1
labware_aliquots,1
labware_clinical_samples_1,1
labware_clinical_samples_2,1
labware_collect_plate,1
labware_cultureplate,1
labware_deep_well,1
labware_dest,2
labware_dna_sample_plate,1
labware_elisa_plate,3
labware_firstrna,1
labware_hs,1
labware_magneticmodule,5
labware_mm,1
labware_mmplate,1
labware_p300_tips,1
labware_patient_samples,1
labware_pcr,1
labware_pcr_plate,10
labware_plate,3
labware_plates,9
labware_pool,1
labware_pre_pcr_plate,2
labware_processing_plate,1
labware_rack,1
labware_res,1
labware_reservoir,15
labware_reservoir_12well,1
labware_reservoir_1well,1
labware_rna,1
labware_samp,1
labware_sample_plate,1
labware_sampleplates,1
labware_source,1
labware_tempmod,12
labware_tempmod2,5
labware_tips20,3
labware_tips300,2
labware_tube_rack,1
labware_tube_strip,4
labware_tube_strip_or_plate,2
labware_tuberack,1
labware_water_tube,1
labwaretype,1
left_mount_pipette_type,1
left_pip,1
left_pip_slot,1
left_pip_tip,1
left_pip_tiprack_slots,1
left_pipette,2
left_pipette_lname,3
left_pipette_tipracks_lname,1
left_pipette_type,2
left_tip_type,1
length_from_side,7
libvol,1
lid_temp,4
ligation_adapter_volume,1
ligation_adapter_well,1
ligation_enhancer_volume,1
ligation_enhancer_well,1
ligation_mastermix_volume,1
ligation_mastermix_well,1
liquid_a_vol,1
liquid_b_vol,1
liquid_c_vol,1
liquid_d_vol,1
load_csv,1
loc_csv,1
loc_rnase,1
loc_tween,1
lw_checkit,1
lw_deepwell_plate,2
lw_dmso,1
lw_hplc,1
lw_tiprack300,1
lwaste,1
lysis,1
lysis_vol,1
m10_mount,2
m1k,1
m20_mount,69
m300_mount,91
m300_type,2
m_mount,1
mag_bead_mix_resuspend_reps,1
mag_bead_mix_resuspend_vol,1
mag_engage_height,3
mag_engage_time,2
mag_gen,14
mag_height,13
mag_height_1,1
mag_mod,2
mag_mod_lname,1
mag_model,1
mag_plate,2
mag_time,1
magdeck_gen,2
magmod,2
magplate_offset,1
manual_bead_resuspension,2
master_mix_csv,3
master_mix_range,1
master_mix_volume,1
mastermix_max_vol,1
mastermix_mix_rate_multiplier,2
mastermix_reservoir_lname,1
mastermix_start_col,1
mastermix_tuberack_lname,1
mastermix_vol,2
mastermix_volume,4
max_reaction_volume,1
mecn_dil_loc,1
mecn_transfer,1
mecn_volume,1
mecn_wash1_vol,1
mecn_wash2_vol,1
mecn_wash3_vol,1
media_trans_vol,1
media_vol_initial,1
mix,1
mix_after,1
mix_asp_rate,2
mix_clearance,1
mix_count,1
mix_csv,1
mix_disp_rate,2
mix_etoh,1
mix_rate,2
mix_repetitions,2
mix_reps,26
mix_reps1,1
mix_reps2,1
mix_reps_bind,8
mix_reps_elu,8
mix_reps_elution1,1
mix_reps_elution2,1
mix_reps_wash,8
mix_reps_wash1,1
mix_reps_wash2,1
mix_sources,1
mix_vol,5
mix_volume,1
mixln,1
mixp300,1
mixreps,3
mixreps_dilution,1
mm,3
mm1_col,1
mm2_col,1
mm2_vol,1
mm_asp_height,1
mm_aspiration_flowrate_multiplier,1
mm_col,2
mm_csv,1
mm_disp_height,1
mm_dispense_flowrate_multiplier,1
mm_height,1
mm_lw,1
mm_res_vol,1
mm_slot,1
mm_source_vol,1
mm_transfer_vol,1
mm_vol,8
mm_volume,1
mmx_vol,2
mnt,4
mnt10,2
mnt1000,2
mnt20,7
mnt300,12
mnt50,1
mntmulti,2
mntsingle,2
module_type,1
mother_plate_type,1
mount,2
mount_m20,2
mount_m300,5
mount_p20,8
mount_p300,5
mount_side,1
move_side,2
move_vol,1
mp_type,1
multi_pip_info,1
n1_col,1
n1_primer_well,1
n2_col,1
n2_primer_well,1
n7_row,1
n_bead_mixes,1
n_cor,1
n_elution_mixes,1
n_last_samples,1
n_mixes,1
n_mm_mixes,1
n_plates,1
n_samples,6
n_samples_rack_1,1
n_samples_rack_2,1
n_samples_rack_3,1
n_samples_set1,1
n_samples_set2,1
n_slots,1
n_wash_mixes,1
n_washes,1
n_wells,1
na_oh_volume,1
na_oh_wash_yn,1
nc,1
new_tip,1
ngs_bead_ratio,1
ngs_bead_ratio1,1
ngs_bead_ratio2,1
ngsmag,1
no_cycles,2
no_of_samps,2
no_plates,2
no_samps,2
noblank,1
noce,1
nomodules,6
norep,1
norm_data,1
np,1
ntc_col,1
ntc_primer_well,1
nuc_free_water_vol_well,1
num,3
num_384_cols,1
num_antibodies,1
num_col,8
num_cols,3
num_columns,1
num_daughter_plates,1
num_drug_plates,1
num_extracts,1
num_gene,1
num_mag_beads_tubes,1
num_mastermix,2
num_mm,2
num_of_dilutions,2
num_pl,2
num_plates,28
num_pool_sources,1
num_pools,1
num_primers,2
num_reps,1
num_row,1
num_rows_a,1
num_rows_b,1
num_samp,62
num_samp_p1,1
num_samp_p2,1
num_samp_plate1,1
num_samp_plate2,1
num_samp_plate3,1
num_samp_plate4,1
num_samples,152
num_samples_1,1
num_samples_2,1
num_samples_3,1
num_samples_4,1
num_samples_per_plate,1
num_samps,6
num_slides,2
num_tests,1
num_tipracks,1
num_tubes,2
num_wells,2
number_of_dna_samples,1
number_of_oligo_standards,1
number_of_plates,4
number_of_samples,18
number_of_samples_to_process,5
number_of_slides_to_process,1
numinc,1
numplates,6
numpools,1
numracks,1
numsamps,8
numvisbys,1
occupied_well_csv1,5
occupied_well_csv2,4
occupied_well_csv3,4
offset,6
offset_x,24
offset_x_resuspension,12
omni_tray_24,1
omni_tray_96,1
ondeck,1
one_rack_yn,1
onlysamps,1
open_lid,1
output_labware,1
overage_percent,12
p1000_flow_rate_asp,2
p1000_flow_rate_disp,2
p1000_mount,34
p1000_rate,1
p1000_sample_height,1
p1000_single_mount,1
p1000_slot,1
p1000_tiprack_slot,1
p1000_tips,1
p1000_type,1
p1000mnt,1
p10_mnt,4
p10_mount,12
p10_multi_mount,2
p10_type,1
p10mnt,5
p1k_mnt,2
p1kmnt,1
p1n,1
p1num,1
p20_blowout_height,1
p20_mount,113
p20_multi_mount,3
p20_rate,2
p20_reservoir_height,1
p20_side,1
p20_single_mount,4
p20_tube_height,1
p20_type,6
p20m_mount,1
p20mnt,6
p20s_mount,1
p20type,3
p2n,1
p2num,1
p300_gen,1
p300_mixing_height,1
p300_mnt,3
p300_mount,134
p300_mount_1,1
p300_multi_mount,7
p300_rate,1
p300_single_mount,5
p300_tip_start_col,1
p300_tiprack_slot,1
p300_tips,1
p300_transfer_height,1
p300_type,10
p300gen,2
p300m,2
p300m_mount,1
p300m_side,1
p300mnt,11
p300s_mount,1
p300tips,4
p300type,3
p384,2
p3n,1
p3num,1
p4n,1
p4num,1
p50_mnt,4
p50_mount,7
p50_single_mount,3
p50_type,1
p50mnt,3
p5_mix_vol,1
p_csv,1
pan_dil,1
parameters_csv,1
park,2
park_tips,27
patient_sample_count,1
patient_sample_vol,1
pause_for_washing,1
pbs_dispense_rate,1
pbsvol,1
pcr,1
pcr2_buffer_vol,2
pcr_cycles,1
pcr_labware,5
pcr_mix_vol,2
pcr_plate_height,1
pcr_tube_height,1
pcr_tubes,1
pcr_type,1
pcr_volume,1
pcrcycles,2
pdl1_dil,1
peptide_supernat_vol,1
perform_barcode,1
perform_normalization,1
perform_steps,1
pip,3
pip_l,2
pip_mnt,5
pip_model,5
pip_mount,9
pip_r,2
pip_side,1
pip_tip,4
pip_type,8
pipette,1
pipette_2_mount,1
pipette_2_type,1
pipette_homing,1
pipette_mount,17
pipette_offset,1
pipette_p20,1
pipette_p300,1
pipette_type,16
pipette_types,1
pipettes,1
pipinfo,1
pipmnt,8
piptype,3
pl_blowout_height,1
plate,1
plate1_samples,1
plate2_samples,1
plate3_samples,1
plate4_samples,1
plate_1_cols,6
plate_1_csv,1
plate_2_cols,4
plate_2_csv,1
plate_384,1
plate_3_csv,1
plate_4_csv,1
plate_96,1
plate_a_start_col,1
plate_b_start_col,1
plate_c_start_col,1
plate_cols,1
plate_count,8
plate_def,1
plate_height,2
plate_map_1_csv,1
plate_map_2_csv,1
plate_map_3_csv,1
plate_map_4_csv,1
plate_name,1
plate_scan,4
plate_scan2,4
plate_type,10
plates,1
pool_columns,1
pool_location,1
pool_rows,1
pool_size,3
pool_slots,1
pool_vol,1
pooling_volume,1
pools,1
poolvol,1
post_aspiration_wait,2
post_size_selection_volume,1
post_user_sample_volume,1
prefill,1
prepare_mastermix,2
prepare_standard,2
prewash_buff_vol,1
primer_col_volume,1
primer_loadname,1
primer_lw,1
primer_mix_vol,1
primer_start,1
primer_vol,1
primer_volume,2
process,1
protocol_type,1
prototype,1
puncture_agar,1
puncture_depth,1
purify,1
pw,1
q5_volume,1
q5_well,1
qc_height,1
quad1_exclude_cols,1
quad2_exclude_cols,1
quad3_exclude_cols,1
quad4_exclude_cols,1
quench_volume,1
rack_count,1
radial_offset,9
raise_mix_dispense,1
rate_asp_l,1
rate_asp_r,1
rate_disp_l,1
rate_disp_r,1
ratio_beads,2
rdnase_vol,1
reaction_plate,3
reag1_vol,1
reag2_vol,1
reag_vol,1
reagent,1
reagent1_loadname,1
reagent2_loadname,1
reagent_labware,3
reagent_scan,5
reagent_slot_scan,2
reagent_transfer_vol,2
reagents_csv,1
reduced_speed_limit,1
relative_height,1
remove_empty_racks,1
replenish_tips_manually,1
res,2
res12_type,1
res1_type,1
res_dead_vol,1
res_type,18
reservoir12_lname,1
reservoir_fill_volume,1
reservoir_height,3
reservoir_lname,1
reservoir_loadname,1
reservoir_loc,1
reservoir_slot,1
reservoir_type,5
reset_counter,1
reset_tipracks,6
resettips,1
resv_well_edge_offset,1
return_tips,1
right_mount_pipette_type,1
right_pip,1
right_pip_slot,1
right_pip_tip,1
right_pip_tiprack_slots,1
right_pipette,2
right_pipette_lname,3
right_pipette_tipracks_lname,1
right_pipette_type,2
right_tip_type,1
rm_num,1
rna_input,2
rna_plate_type,1
rna_starting_format,1
row_count,1
rp_col,1
rp_primer_well,1
rr1,1
rr2,1
rr3,1
rsadd,1
rsb_vol,1
run_number,1
rxn_bf_volume,1
rxn_bf_well,1
rxn_mix_vol_p3,1
rxn_vol,2
s_csv,1
s_mount,1
s_pip,1
s_vol,2
same_tip,1
samp_and_lys_rep,1
samp_asp_height,1
samp_col_counts,2
samp_no,3
samp_num,1
samp_vol,2
samplabware,1
sample_addition,1
sample_air_gap,2
sample_asp_height,2
sample_asp_speed,1
sample_aspiration_vol_ul,1
sample_cherrypicking,1
sample_cols,1
sample_columns,1
sample_container,1
sample_count,44
sample_count_1,1
sample_count_2,1
sample_csv,2
sample_deck_slots,1
sample_disp_height,1
sample_height,1
sample_num,1
sample_number,5
sample_plate_height,2
sample_plate_lname,1
sample_positions_csv,1
sample_quant_csv,2
sample_rows,1
sample_size,1
sample_slots,1
sample_trans_vol,1
sample_type,1
sample_vol,24
sample_volume,5
samples,42
samples_csv,1
samples_labware,2
samples_loadname,1
sampnum,1
sampplate,1
samps,7
sampvol,1
sape_vol,1
scan_9000_plate_barcode,1
scan_qpcr_plate_barcode,1
sds_buffer_vol,1
sec_ex,1
sec_plate,1
second_media_y,1
sep_time,2
sep_time_bind,6
sep_time_elu,6
sep_time_wash,6
serial_boolean,1
serial_csv,1
set_tip_max,2
settling_1,1
settling_2,1
settling_3,1
settling_drying,1
settling_elution1,1
settling_elution2,1
settling_time,22
settling_wash,1
shake_well,1
side_x_radius,1
single_channel_mount,1
single_channel_type,1
single_pip_info,1
size,1
size_select,1
skip_code,1
skip_mix_step,1
slide_dwell_time,1
slot_2_height,1
slot_2_touch,1
slot_5_touch,1
slot_cultureplate,1
slot_scan,3
slot_screwcaps,1
slot_snapcaps,1
slow_asp_rate,1
slow_speed_down,1
slow_speed_up,1
small_pip,1
source,1
source_asp_flow_rate_mmx,1
source_asp_flow_rate_plate,1
source_asp_height_plate,1
source_asp_height_plate_mmx,1
source_csv_slot3,1
source_csv_slot7,1
source_csv_slot8,1
source_csv_slot9,1
source_format,1
source_lw,1
source_plate,2
source_plate_type,1
source_start_col,1
source_type,6
sp,2
sp_type,2
spike_in,1
spot_labware,1
spot_volume,1
spri_beads_left_volume,1
spri_beads_right_volume,1
spri_beads_volume,1
spri_beads_well,2
src_height,2
src_labware,1
src_plate,1
srctype,1
srcvol,1
stage1_dispense_height,1
stage2_asp_speed,1
stage2_disp_speed,1
stage2_dispense_height,1
stage2_height_after_disp,1
standard_type,1
start,1
start_buff_vol,1
start_col,2
start_column,1
start_index_tip,1
start_tip,1
start_urea_vol,1
starting_conc,2
starting_diluent_vol,1
starting_plasma_vol,1
starting_position,1
starting_tip,1
starting_tip_col,2
starting_tip_position,1
starting_tip_well,1
starting_tiprack_slot,1
starting_vol,31
starting_volume,1
starting_well,1
starttip,1
std_height,1
step,3
step1,1
step1_mix_vol,1
step2,1
step_erat,3
step_eratdeck,2
step_frerat,1
step_freratdeck,1
step_lig,4
step_ligdeck,3
step_pcr,5
step_pcrdeck,4
step_postlig,4
step_postpcr,3
step_postpcr1,2
step_postpcr2,2
step_tag,1
step_tagdeck,1
step_tsb,1
step_tsbdeck,1
step_wash,1
strip_type,2
super_asp_rate,1
super_disp_rate,1
supernat_1_vol,1
supernat_2_vol,1
supernat_3_vol,1
t_csv,1
t_per_block,1
target_temp_passive_cooling,1
tc_num_reps,1
tc_temp,1
te_volume,2
te_well,2
temp,2
temp_gen,1
temp_lysate,1
temp_mod,2
temp_mod_lname,2
temp_mod_on,2
temp_mod_s1_lname,1
temp_mod_s4_lname,1
temp_mod_s7_lname,1
temp_mod_setting,3
temp_mod_temp,1
temp_mod_temperature,1
temp_s1_part1,1
temp_s1_part2,1
temp_s4_part1,1
temp_s4_part2,1
temp_s7_part1,1
temp_s7_part2,1
tempblock,1
tempdeck_gen,1
tempdeck_name,1
tempdeck_slot,1
temperature,12
temperature1,1
temperature2,1
tempgen,1
template_vol,1
test_method,1
test_mode,1
test_plates,1
tfer_vol,1
time_airdry_minutes,2
time_dry,18
time_engage,19
time_initial_bead_incubation,1
time_mag_incubation,1
time_settling,1
time_settling_minutes,2
time_shake,1
tip_disp,3
tip_immersion,1
tip_max,1
tip_no,1
tip_park_start_col,2
tip_rack,5
tip_rack_10,1
tip_rack_300,1
tip_reusage_strategy,1
tip_reuse,10
tip_start,5
tip_start_1000,2
tip_start_20,2
tip_start_column,4
tip_strategy,3
tip_threshold,1
tip_touch,3
tip_track,47
tip_type,25
tip_use_strategy,2
tip_withdrawal_speed,1
tiprack_lname_20_ul,1
tiprack_lname_300ul,1
tiprack_slot,1
tipreuse,5
tips,2
tipstrategy_dilution,1
tiptrash,2
tiptype,3
tmod_1_lname,1
tmod_2_lname,1
total_mixing_volume,2
total_samples,5
touch_radius,1
touch_tip,2
touch_v_offset,1
touchtip,1
touchtip_radius,2
touchtip_speed,2
touchtip_z,2
tr1,1
tr10,1
tr2,1
tr3,1
tr4,1
tr5,1
tr6,1
tr7,1
tr8,1
tr9,1
track_start,1
track_tips,2
tracking_reset,2
trans_vol1,1
transfer2,1
transfer_csv,20
transfer_scheme,2
transfer_to_storage,1
transfer_vol,10
transfer_volume,3
transfercsv,2
transfervol,1
trough_type,2
trypsin_volume,1
tt_asp,2
tt_disp,2
tube1_vol,1
tube_asp_height,1
tube_dead_vol,1
tube_height,1
tube_rack,1
tube_rack_lname,1
tube_rack_slot,1
tube_type,4
tuberack15_1_scan,2
tuberack15_2_scan,2
tuberack1_scan,2
tuberack2_1_scan,2
tuberack2_2_scan,2
tuberack2_scan,2
tuberack_1,1
tuberack_1_lname,1
tuberack_2,1
tuberack_2_lname,1
tuberack_3,1
tuberack_4,1
tuberack_5,1
tuberack_6,1
tuberack_7,1
tuberack_lname,1
tuberack_mixed_lname,1
tuberack_scan,4
tuberack_scan2,4
tuberack_type,2
tuberacka_tube,1
tuberackb_tube,1
tuberacks,1
tuberacks_15_lname,1
tubes_on_slot4,1
tubetype,1
tvol,1
twb_rate,1
twelve_well_resv_lname,1
udi_start_col,1
uploaded_csv,18
uploaded_csv_mastermix,1
use_384,1
use_csv,1
use_filter_tips_left,2
use_filter_tips_right,2
use_middle_2,2
use_nacl,1
use_temp,1
use_tuberack_a,1
use_tuberack_b,1
user_enzyme_volume,1
user_enzyme_well,1
using_magdeck,1
using_tempdeck,3
v_0_tube,1
v_0_tube1,2
v_0_tube2,1
v_csv,2
vhb_vol,1
vial_map,1
vol,2
vol_a_to_b,1
vol_aliqout,1
vol_c_to_d,1
vol_cd154,1
vol_culture_medium,1
vol_d_to_e,1
vol_dead,2
vol_deaddeepwell,1
vol_deadreservoir,1
vol_dil_to_d,1
vol_dil_to_e,1
vol_dispense,1
vol_dispensed,1
vol_dna,1
vol_dna_buff,1
vol_elution,1
vol_elution_buffer,1
vol_elution_final,1
vol_etoh,1
vol_final_elution,2
vol_final_plate,1
vol_h2o,2
vol_h_lysate,1
vol_ic,1
vol_lys_buffer,1
vol_media1,1
vol_media2,1
vol_mix,1
vol_mm,2
vol_mobile_phase,1
vol_neutralization_buffer,1
vol_peptide1,1
vol_peptide2,1
vol_peptide3,1
vol_pma_ca,1
vol_reagent,1
vol_sample,4
vol_sirna,1
vol_source_bb_per_well,1
vol_source_bead_mix_per_well,1
vol_start,1
vol_start_rnase,1
vol_start_tween,1
vol_tests,1
vol_trans,1
vol_tube1,1
vol_tube2,1
vol_tube3,1
vol_wash,1
vol_water,2
volume,4
volume_csv,1
volume_eb_in_ul,2
volume_final_elution_in_ul,2
volume_of_beads,2
volume_of_beads_in_ul,2
volume_to_cherrypick_in_ul,1
volume_transfers,1
volumes_csv,6
wash1_vol,29
wash2_vol,28
wash3_vol,16
wash4_vol,2
wash_buf_vol,1
wash_scheme,1
waste,2
waste_water_mode,1
water_res_vol,1
water_vol,2
water_volume,2
water_well,1
wb_col,1
well_disp_height,1
well_edge_offset,1
well_plate,3
well_vol,2
wells_skipped,1
wells_to_be_pooled,1
wet_tip,1
x,1
x_offset,1
x_offset_bead_pellet,6
x_offset_elution,1
y,1
y_offset,1
z_offset,8
